ID,Feature,BackendGitHubURL,FrontendGitHubURL,CommitGitHubURL,HowToUse
1,View Weekly Timetable,"https://github.com/oanhntkce181400-poon/WDP391_SE1808_Group02_SSMS/blob/6111ac71b00a43a7f0530d58eb327ec21d45012b/backend-api/src/controllers/schedule.controller.js#L8-L17 | https://github.com/oanhntkce181400-poon/WDP391_SE1808_Group02_SSMS/blob/6111ac71b00a43a7f0530d58eb327ec21d45012b/backend-api/src/services/schedule.service.js#L859-L939","https://github.com/oanhntkce181400-poon/WDP391_SE1808_Group02_SSMS/blob/6111ac71b00a43a7f0530d58eb327ec21d45012b/mobile-app/src/screens/student/ScheduleScreen.js#L251-L275 | https://github.com/oanhntkce181400-poon/WDP391_SE1808_Group02_SSMS/blob/6111ac71b00a43a7f0530d58eb327ec21d45012b/mobile-app/src/services/scheduleService.js#L1-L5","https://github.com/oanhntkce181400-poon/WDP391_SE1808_Group02_SSMS/commit/6111ac71b00a43a7f0530d58eb327ec21d45012b","Mo ScheduleScreen truoc, chi loadSchedule(); neu bi hoi sau thi mo getMyWeekSchedule() o BE."
2,Create Email Templates,"https://github.com/oanhntkce181400-poon/WDP391_SE1808_Group02_SSMS/blob/6111ac71b00a43a7f0530d58eb327ec21d45012b/backend-api/src/controllers/emailTemplate.controller.js#L57-L59 | https://github.com/oanhntkce181400-poon/WDP391_SE1808_Group02_SSMS/blob/6111ac71b00a43a7f0530d58eb327ec21d45012b/backend-api/src/services/emailTemplate.service.js#L594-L615","https://github.com/oanhntkce181400-poon/WDP391_SE1808_Group02_SSMS/blob/6111ac71b00a43a7f0530d58eb327ec21d45012b/frontend-web/src/pages/admin/EmailTemplateManagementPage.jsx#L211-L238 | https://github.com/oanhntkce181400-poon/WDP391_SE1808_Group02_SSMS/blob/6111ac71b00a43a7f0530d58eb327ec21d45012b/frontend-web/src/services/emailTemplateService.js#L12-L14","https://github.com/oanhntkce181400-poon/WDP391_SE1808_Group02_SSMS/commit/6111ac71b00a43a7f0530d58eb327ec21d45012b","Mo handleSubmit() nhanh create o FE, roi xuong createTemplate() o service BE."
3,View Email Templates,"https://github.com/oanhntkce181400-poon/WDP391_SE1808_Group02_SSMS/blob/6111ac71b00a43a7f0530d58eb327ec21d45012b/backend-api/src/controllers/emailTemplate.controller.js#L26-L47 | https://github.com/oanhntkce181400-poon/WDP391_SE1808_Group02_SSMS/blob/6111ac71b00a43a7f0530d58eb327ec21d45012b/backend-api/src/services/emailTemplate.service.js#L540-L591","https://github.com/oanhntkce181400-poon/WDP391_SE1808_Group02_SSMS/blob/6111ac71b00a43a7f0530d58eb327ec21d45012b/frontend-web/src/pages/admin/EmailTemplateManagementPage.jsx#L144-L198 | https://github.com/oanhntkce181400-poon/WDP391_SE1808_Group02_SSMS/blob/6111ac71b00a43a7f0530d58eb327ec21d45012b/frontend-web/src/services/emailTemplateService.js#L4-L8","https://github.com/oanhntkce181400-poon/WDP391_SE1808_Group02_SSMS/commit/6111ac71b00a43a7f0530d58eb327ec21d45012b","Mo loadTemplates() va loadTemplateDetail() o FE; neu bi hoi sau thi mo listTemplates() va getTemplateById() o BE."
4,Update/Delete Email Templates,"https://github.com/oanhntkce181400-poon/WDP391_SE1808_Group02_SSMS/blob/6111ac71b00a43a7f0530d58eb327ec21d45012b/backend-api/src/controllers/emailTemplate.controller.js#L70-L89 | https://github.com/oanhntkce181400-poon/WDP391_SE1808_Group02_SSMS/blob/6111ac71b00a43a7f0530d58eb327ec21d45012b/backend-api/src/services/emailTemplate.service.js#L618-L659","https://github.com/oanhntkce181400-poon/WDP391_SE1808_Group02_SSMS/blob/6111ac71b00a43a7f0530d58eb327ec21d45012b/frontend-web/src/pages/admin/EmailTemplateManagementPage.jsx#L211-L257 | https://github.com/oanhntkce181400-poon/WDP391_SE1808_Group02_SSMS/blob/6111ac71b00a43a7f0530d58eb327ec21d45012b/frontend-web/src/services/emailTemplateService.js#L16-L20","https://github.com/oanhntkce181400-poon/WDP391_SE1808_Group02_SSMS/commit/6111ac71b00a43a7f0530d58eb327ec21d45012b","Update dung handleSubmit() nhanh update; delete dung handleDelete(); BE la updateTemplate() va deleteTemplate()."
5,Submit Lecturer Evaluation,"https://github.com/oanhntkce181400-poon/WDP391_SE1808_Group02_SSMS/blob/6111ac71b00a43a7f0530d58eb327ec21d45012b/backend-api/src/controllers/feedback.controller.js#L12-L40 | https://github.com/oanhntkce181400-poon/WDP391_SE1808_Group02_SSMS/blob/6111ac71b00a43a7f0530d58eb327ec21d45012b/backend-api/src/services/feedback.service.js#L59-L120 | https://github.com/oanhntkce181400-poon/WDP391_SE1808_Group02_SSMS/blob/6111ac71b00a43a7f0530d58eb327ec21d45012b/backend-api/src/services/feedback.service.js#L469-L487","https://github.com/oanhntkce181400-poon/WDP391_SE1808_Group02_SSMS/blob/6111ac71b00a43a7f0530d58eb327ec21d45012b/frontend-web/src/components/features/LecturerFeedbackPortal.jsx#L134-L313 | https://github.com/oanhntkce181400-poon/WDP391_SE1808_Group02_SSMS/blob/6111ac71b00a43a7f0530d58eb327ec21d45012b/frontend-web/src/services/feedbackService.js#L45-L69 | https://github.com/oanhntkce181400-poon/WDP391_SE1808_Group02_SSMS/blob/6111ac71b00a43a7f0530d58eb327ec21d45012b/frontend-web/src/pages/student/StudentFeedbackPage.jsx#L1-L3","https://github.com/oanhntkce181400-poon/WDP391_SE1808_Group02_SSMS/commit/6111ac71b00a43a7f0530d58eb327ec21d45012b","Mo LecturerFeedbackPortal truoc; chi loadBaseData(), loadClassDetails(), handleSubmit(); xuong BE la submitFeedback()/createFeedback()."
6,Track Class Performance,"https://github.com/oanhntkce181400-poon/WDP391_SE1808_Group02_SSMS/blob/6111ac71b00a43a7f0530d58eb327ec21d45012b/backend-api/src/controllers/attendance.controller.js#L14-L53 | https://github.com/oanhntkce181400-poon/WDP391_SE1808_Group02_SSMS/blob/6111ac71b00a43a7f0530d58eb327ec21d45012b/backend-api/src/services/attendance.service.js#L1114-L1275","https://github.com/oanhntkce181400-poon/WDP391_SE1808_Group02_SSMS/blob/6111ac71b00a43a7f0530d58eb327ec21d45012b/frontend-web/src/components/features/ClassPerformanceDashboard.jsx#L109-L171 | https://github.com/oanhntkce181400-poon/WDP391_SE1808_Group02_SSMS/blob/6111ac71b00a43a7f0530d58eb327ec21d45012b/frontend-web/src/services/classPerformanceService.js#L1-L5 | https://github.com/oanhntkce181400-poon/WDP391_SE1808_Group02_SSMS/blob/6111ac71b00a43a7f0530d58eb327ec21d45012b/frontend-web/src/pages/admin/ClassPerformancePage.jsx#L1-L4 | https://github.com/oanhntkce181400-poon/WDP391_SE1808_Group02_SSMS/blob/6111ac71b00a43a7f0530d58eb327ec21d45012b/frontend-web/src/pages/lecturer/LecturerClassPerformancePage.jsx#L1-L4","https://github.com/oanhntkce181400-poon/WDP391_SE1808_Group02_SSMS/commit/6111ac71b00a43a7f0530d58eb327ec21d45012b","Mo ClassPerformanceDashboard truoc; chi loadClasses() va loadPerformance(); neu bi hoi sau thi mo attendance service."
11,SetupSocketIO(Tech),"https://github.com/oanhntkce181400-poon/WDP391_SE1808_Group02_SSMS/blob/b32e45721da557ce9da70a8eb8c2ae6d70cbecc9/backend-api/src/configs/socket.config.js | https://github.com/oanhntkce181400-poon/WDP391_SE1808_Group02_SSMS/blob/b32e45721da557ce9da70a8eb8c2ae6d70cbecc9/backend-api/src/middlewares/socket.middleware.js","https://github.com/oanhntkce181400-poon/WDP391_SE1808_Group02_SSMS/blob/b32e45721da557ce9da70a8eb8c2ae6d70cbecc9/frontend-web/src/contexts/SocketContext.jsx | https://github.com/oanhntkce181400-poon/WDP391_SE1808_Group02_SSMS/blob/b32e45721da557ce9da70a8eb8c2ae6d70cbecc9/frontend-web/src/main.jsx | https://github.com/oanhntkce181400-poon/WDP391_SE1808_Group02_SSMS/blob/b32e45721da557ce9da70a8eb8c2ae6d70cbecc9/mobile-app/src/contexts/SocketContext.js | https://github.com/oanhntkce181400-poon/WDP391_SE1808_Group02_SSMS/blob/b32e45721da557ce9da70a8eb8c2ae6d70cbecc9/mobile-app/App.js","https://github.com/oanhntkce181400-poon/WDP391_SE1808_Group02_SSMS/commit/b32e45721da557ce9da70a8eb8c2ae6d70cbecc9","Mo initializeSocketIO o BE va SocketProvider o FE; neu bi hoi JWT thi chi socketAuthMiddleware + auth.token handshake."
12,CloudinaryService (Tech),"https://github.com/oanhntkce181400-poon/WDP391_SE1808_Group02_SSMS/blob/b32e45721da557ce9da70a8eb8c2ae6d70cbecc9/backend-api/src/external/cloudinary.provider.js","Khong co (BE-only)","https://github.com/oanhntkce181400-poon/WDP391_SE1808_Group02_SSMS/commit/b32e45721da557ce9da70a8eb8c2ae6d70cbecc9","Mo cloudinary.provider.js va chi uploadImage(), deleteImage(), uploadFile()."
13,SeedMasterData (Tech),"https://github.com/oanhntkce181400-poon/WDP391_SE1808_Group02_SSMS/blob/b32e45721da557ce9da70a8eb8c2ae6d70cbecc9/backend-api/src/database/seeds/index.js | https://github.com/oanhntkce181400-poon/WDP391_SE1808_Group02_SSMS/blob/b32e45721da557ce9da70a8eb8c2ae6d70cbecc9/backend-api/src/database/seeds/seedSEK26Curriculum.js","Khong co (BE-only)","https://github.com/oanhntkce181400-poon/WDP391_SE1808_Group02_SSMS/commit/b32e45721da557ce9da70a8eb8c2ae6d70cbecc9","Mo file seed tong truoc; neu can chi ham seedSubjects(), seedRooms(), seedTeachers(), seedStudents()."
17,Filter/sort,"https://github.com/oanhntkce181400-poon/WDP391_SE1808_Group02_SSMS/blob/b32e45721da557ce9da70a8eb8c2ae6d70cbecc9/backend-api/src/controllers/subject.controller.js | https://github.com/oanhntkce181400-poon/WDP391_SE1808_Group02_SSMS/blob/b32e45721da557ce9da70a8eb8c2ae6d70cbecc9/backend-api/src/services/subject.service.js","https://github.com/oanhntkce181400-poon/WDP391_SE1808_Group02_SSMS/blob/b32e45721da557ce9da70a8eb8c2ae6d70cbecc9/frontend-web/src/pages/admin/SubjectManagement.jsx | https://github.com/oanhntkce181400-poon/WDP391_SE1808_Group02_SSMS/blob/b32e45721da557ce9da70a8eb8c2ae6d70cbecc9/frontend-web/src/services/subjectService.js","https://github.com/oanhntkce181400-poon/WDP391_SE1808_Group02_SSMS/commit/b32e45721da557ce9da70a8eb8c2ae6d70cbecc9","Mo SubjectManagement.jsx, chi fetchSubjects()/applyFilters(); neu bi hoi sau thi mo getSubjects() o BE."
23,View ConfigureTuitionFees,"https://github.com/oanhntkce181400-poon/WDP391_SE1808_Group02_SSMS/blob/b32e45721da557ce9da70a8eb8c2ae6d70cbecc9/backend-api/src/controllers/tuitionFee.controller.js | https://github.com/oanhntkce181400-poon/WDP391_SE1808_Group02_SSMS/blob/b32e45721da557ce9da70a8eb8c2ae6d70cbecc9/backend-api/src/services/tuitionFee.service.js","https://github.com/oanhntkce181400-poon/WDP391_SE1808_Group02_SSMS/blob/b32e45721da557ce9da70a8eb8c2ae6d70cbecc9/frontend-web/src/pages/admin/TuitionFeeManagement.jsx | https://github.com/oanhntkce181400-poon/WDP391_SE1808_Group02_SSMS/blob/b32e45721da557ce9da70a8eb8c2ae6d70cbecc9/frontend-web/src/services/tuitionFeeService.js","https://github.com/oanhntkce181400-poon/WDP391_SE1808_Group02_SSMS/commit/b32e45721da557ce9da70a8eb8c2ae6d70cbecc9","Repo hien tai map feature nay vao module tuition-fees; mo getTuitionFees truoc."
24,Add ConfigureTuitionFees,"https://github.com/oanhntkce181400-poon/WDP391_SE1808_Group02_SSMS/blob/b32e45721da557ce9da70a8eb8c2ae6d70cbecc9/backend-api/src/controllers/tuitionFee.controller.js | https://github.com/oanhntkce181400-poon/WDP391_SE1808_Group02_SSMS/blob/b32e45721da557ce9da70a8eb8c2ae6d70cbecc9/backend-api/src/services/tuitionFee.service.js","https://github.com/oanhntkce181400-poon/WDP391_SE1808_Group02_SSMS/blob/b32e45721da557ce9da70a8eb8c2ae6d70cbecc9/frontend-web/src/pages/admin/TuitionFeeManagement.jsx | https://github.com/oanhntkce181400-poon/WDP391_SE1808_Group02_SSMS/blob/b32e45721da557ce9da70a8eb8c2ae6d70cbecc9/frontend-web/src/services/tuitionFeeService.js","https://github.com/oanhntkce181400-poon/WDP391_SE1808_Group02_SSMS/commit/b32e45721da557ce9da70a8eb8c2ae6d70cbecc9","Chi createTuitionFee()/updateTuitionFee() o BE va service FE tuong ung."
57,View scheduling,"https://github.com/oanhntkce181400-poon/WDP391_SE1808_Group02_SSMS/blob/b32e45721da557ce9da70a8eb8c2ae6d70cbecc9/backend-api/src/controllers/schedule.controller.js | https://github.com/oanhntkce181400-poon/WDP391_SE1808_Group02_SSMS/blob/b32e45721da557ce9da70a8eb8c2ae6d70cbecc9/backend-api/src/services/schedule.service.js","https://github.com/oanhntkce181400-poon/WDP391_SE1808_Group02_SSMS/blob/b32e45721da557ce9da70a8eb8c2ae6d70cbecc9/frontend-web/src/pages/student/SchedulePage.jsx | https://github.com/oanhntkce181400-poon/WDP391_SE1808_Group02_SSMS/blob/b32e45721da557ce9da70a8eb8c2ae6d70cbecc9/frontend-web/src/services/scheduleService.js","https://github.com/oanhntkce181400-poon/WDP391_SE1808_Group02_SSMS/commit/b32e45721da557ce9da70a8eb8c2ae6d70cbecc9","Mo SchedulePage tren web, chi fetchSchedule(); neu bi hoi API thi chi getMyWeekSchedule()."
67,"View Request, approved, and application","https://github.com/oanhntkce181400-poon/WDP391_SE1808_Group02_SSMS/blob/b32e45721da557ce9da70a8eb8c2ae6d70cbecc9/backend-api/src/controllers/request.controller.js | https://github.com/oanhntkce181400-poon/WDP391_SE1808_Group02_SSMS/blob/b32e45721da557ce9da70a8eb8c2ae6d70cbecc9/backend-api/src/services/request.service.js","https://github.com/oanhntkce181400-poon/WDP391_SE1808_Group02_SSMS/blob/b32e45721da557ce9da70a8eb8c2ae6d70cbecc9/frontend-web/src/pages/admin/AdminRequestsPage.jsx | https://github.com/oanhntkce181400-poon/WDP391_SE1808_Group02_SSMS/blob/b32e45721da557ce9da70a8eb8c2ae6d70cbecc9/frontend-web/src/services/requestService.js","https://github.com/oanhntkce181400-poon/WDP391_SE1808_Group02_SSMS/commit/b32e45721da557ce9da70a8eb8c2ae6d70cbecc9","Admin xem danh sach don trong AdminRequestsPage; neu bi hoi sau thi chi getAllRequests()/getRequestById()."
68,"Approved/Reject, and application","https://github.com/oanhntkce181400-poon/WDP391_SE1808_Group02_SSMS/blob/b32e45721da557ce9da70a8eb8c2ae6d70cbecc9/backend-api/src/controllers/request.controller.js | https://github.com/oanhntkce181400-poon/WDP391_SE1808_Group02_SSMS/blob/b32e45721da557ce9da70a8eb8c2ae6d70cbecc9/backend-api/src/services/request.service.js","https://github.com/oanhntkce181400-poon/WDP391_SE1808_Group02_SSMS/blob/b32e45721da557ce9da70a8eb8c2ae6d70cbecc9/frontend-web/src/pages/admin/AdminRequestsPage.jsx | https://github.com/oanhntkce181400-poon/WDP391_SE1808_Group02_SSMS/blob/b32e45721da557ce9da70a8eb8c2ae6d70cbecc9/frontend-web/src/services/requestService.js","https://github.com/oanhntkce181400-poon/WDP391_SE1808_Group02_SSMS/commit/b32e45721da557ce9da70a8eb8c2ae6d70cbecc9","Chi handleConfirmReview() o FE va reviewRequest() o BE; staffNote la ly do phan hoi."
69,Update application,"https://github.com/oanhntkce181400-poon/WDP391_SE1808_Group02_SSMS/blob/b32e45721da557ce9da70a8eb8c2ae6d70cbecc9/backend-api/src/controllers/request.controller.js | https://github.com/oanhntkce181400-poon/WDP391_SE1808_Group02_SSMS/blob/b32e45721da557ce9da70a8eb8c2ae6d70cbecc9/backend-api/src/services/request.service.js","https://github.com/oanhntkce181400-poon/WDP391_SE1808_Group02_SSMS/blob/b32e45721da557ce9da70a8eb8c2ae6d70cbecc9/frontend-web/src/pages/student/StudentRequestsPage.jsx | https://github.com/oanhntkce181400-poon/WDP391_SE1808_Group02_SSMS/blob/b32e45721da557ce9da70a8eb8c2ae6d70cbecc9/frontend-web/src/services/requestService.js","https://github.com/oanhntkce181400-poon/WDP391_SE1808_Group02_SSMS/commit/b32e45721da557ce9da70a8eb8c2ae6d70cbecc9","Sinh vien sua/huy don Pending trong StudentRequestsPage; chi handleEditSubmit() va handleConfirmCancel()."
75,VIew,"https://github.com/oanhntkce181400-poon/WDP391_SE1808_Group02_SSMS/blob/b32e45721da557ce9da70a8eb8c2ae6d70cbecc9/backend-api/src/controllers/attendance.controller.js | https://github.com/oanhntkce181400-poon/WDP391_SE1808_Group02_SSMS/blob/b32e45721da557ce9da70a8eb8c2ae6d70cbecc9/backend-api/src/services/attendance.service.js","https://github.com/oanhntkce181400-poon/WDP391_SE1808_Group02_SSMS/blob/b32e45721da557ce9da70a8eb8c2ae6d70cbecc9/frontend-web/src/pages/admin/AttendancePage.jsx | https://github.com/oanhntkce181400-poon/WDP391_SE1808_Group02_SSMS/blob/b32e45721da557ce9da70a8eb8c2ae6d70cbecc9/frontend-web/src/services/attendanceService.js","https://github.com/oanhntkce181400-poon/WDP391_SE1808_Group02_SSMS/commit/b32e45721da557ce9da70a8eb8c2ae6d70cbecc9","Mo AttendancePage va chi loadClasses(); neu bi hoi sau thi mo getTeachingClasses()."
76,Update,"https://github.com/oanhntkce181400-poon/WDP391_SE1808_Group02_SSMS/blob/b32e45721da557ce9da70a8eb8c2ae6d70cbecc9/backend-api/src/controllers/attendance.controller.js | https://github.com/oanhntkce181400-poon/WDP391_SE1808_Group02_SSMS/blob/b32e45721da557ce9da70a8eb8c2ae6d70cbecc9/backend-api/src/services/attendance.service.js","https://github.com/oanhntkce181400-poon/WDP391_SE1808_Group02_SSMS/blob/b32e45721da557ce9da70a8eb8c2ae6d70cbecc9/frontend-web/src/pages/admin/AttendancePage.jsx | https://github.com/oanhntkce181400-poon/WDP391_SE1808_Group02_SSMS/blob/b32e45721da557ce9da70a8eb8c2ae6d70cbecc9/frontend-web/src/services/attendanceService.js","https://github.com/oanhntkce181400-poon/WDP391_SE1808_Group02_SSMS/commit/b32e45721da557ce9da70a8eb8c2ae6d70cbecc9","Chi handleSave() va bulkSave(); neu thay hoi nhanh thi no la flow POST attendance/mark."
87,Tuition Summary,"https://github.com/oanhntkce181400-poon/WDP391_SE1808_Group02_SSMS/blob/b32e45721da557ce9da70a8eb8c2ae6d70cbecc9/backend-api/src/controllers/finance.controller.js | https://github.com/oanhntkce181400-poon/WDP391_SE1808_Group02_SSMS/blob/b32e45721da557ce9da70a8eb8c2ae6d70cbecc9/backend-api/src/services/finance.service.js","https://github.com/oanhntkce181400-poon/WDP391_SE1808_Group02_SSMS/blob/b32e45721da557ce9da70a8eb8c2ae6d70cbecc9/frontend-web/src/pages/student/TuitionPage.jsx | https://github.com/oanhntkce181400-poon/WDP391_SE1808_Group02_SSMS/blob/b32e45721da557ce9da70a8eb8c2ae6d70cbecc9/frontend-web/src/pages/student/PaymentPage.jsx | https://github.com/oanhntkce181400-poon/WDP391_SE1808_Group02_SSMS/blob/b32e45721da557ce9da70a8eb8c2ae6d70cbecc9/mobile-app/src/screens/student/TuitionFeeScreen.js | https://github.com/oanhntkce181400-poon/WDP391_SE1808_Group02_SSMS/blob/b32e45721da557ce9da70a8eb8c2ae6d70cbecc9/mobile-app/src/hooks/useTuitionFee.js","https://github.com/oanhntkce181400-poon/WDP391_SE1808_Group02_SSMS/commit/b32e45721da557ce9da70a8eb8c2ae6d70cbecc9","Tong hop hoc phi co ca web va mobile; BE trung tam la getMyTuitionSummary()."
102,Prevent Schedule Conflicts,"https://github.com/oanhntkce181400-poon/WDP391_SE1808_Group02_SSMS/blob/b32e45721da557ce9da70a8eb8c2ae6d70cbecc9/backend-api/src/controllers/registration.controller.js | https://github.com/oanhntkce181400-poon/WDP391_SE1808_Group02_SSMS/blob/b32e45721da557ce9da70a8eb8c2ae6d70cbecc9/backend-api/src/services/registration.service.js","https://github.com/oanhntkce181400-poon/WDP391_SE1808_Group02_SSMS/blob/b32e45721da557ce9da70a8eb8c2ae6d70cbecc9/frontend-web/src/pages/student/ClassRegistrationPage.jsx | https://github.com/oanhntkce181400-poon/WDP391_SE1808_Group02_SSMS/blob/b32e45721da557ce9da70a8eb8c2ae6d70cbecc9/frontend-web/src/services/classService.js","https://github.com/oanhntkce181400-poon/WDP391_SE1808_Group02_SSMS/commit/b32e45721da557ce9da70a8eb8c2ae6d70cbecc9","Mo checkScheduleConflictNow() o FE; neu thay hoi sau thi chi checkScheduleConflict() o registration.service."
104,Auto-Generate Timetables,"https://github.com/oanhntkce181400-poon/WDP391_SE1808_Group02_SSMS/blob/b32e45721da557ce9da70a8eb8c2ae6d70cbecc9/backend-api/src/modules/schedule/schedule.controller.js | https://github.com/oanhntkce181400-poon/WDP391_SE1808_Group02_SSMS/blob/b32e45721da557ce9da70a8eb8c2ae6d70cbecc9/backend-api/src/modules/schedule/scheduleGenerator.service.js","https://github.com/oanhntkce181400-poon/WDP391_SE1808_Group02_SSMS/blob/b32e45721da557ce9da70a8eb8c2ae6d70cbecc9/frontend-web/src/pages/admin/TeachingSchedulePage.jsx | https://github.com/oanhntkce181400-poon/WDP391_SE1808_Group02_SSMS/blob/b32e45721da557ce9da70a8eb8c2ae6d70cbecc9/frontend-web/src/services/scheduleService.js","https://github.com/oanhntkce181400-poon/WDP391_SE1808_Group02_SSMS/commit/b32e45721da557ce9da70a8eb8c2ae6d70cbecc9","Trang admin tao lich tu dong nam o TeachingSchedulePage; BE chinh la autoGenerateTimetables()."
116,View Weekly Timetable,"https://github.com/oanhntkce181400-poon/WDP391_SE1808_Group02_SSMS/blob/b32e45721da557ce9da70a8eb8c2ae6d70cbecc9/backend-api/src/controllers/schedule.controller.js | https://github.com/oanhntkce181400-poon/WDP391_SE1808_Group02_SSMS/blob/b32e45721da557ce9da70a8eb8c2ae6d70cbecc9/backend-api/src/services/schedule.service.js","https://github.com/oanhntkce181400-poon/WDP391_SE1808_Group02_SSMS/blob/b32e45721da557ce9da70a8eb8c2ae6d70cbecc9/frontend-web/src/pages/student/SchedulePage.jsx | https://github.com/oanhntkce181400-poon/WDP391_SE1808_Group02_SSMS/blob/b32e45721da557ce9da70a8eb8c2ae6d70cbecc9/frontend-web/src/services/scheduleService.js","https://github.com/oanhntkce181400-poon/WDP391_SE1808_Group02_SSMS/commit/b32e45721da557ce9da70a8eb8c2ae6d70cbecc9","Feature nay chot bang SchedulePage tren web; ham chinh la fetchSchedule()."
120,View Class Roster,"https://github.com/oanhntkce181400-poon/WDP391_SE1808_Group02_SSMS/blob/b32e45721da557ce9da70a8eb8c2ae6d70cbecc9/backend-api/src/modules/classSection/classSection.controller.js | https://github.com/oanhntkce181400-poon/WDP391_SE1808_Group02_SSMS/blob/b32e45721da557ce9da70a8eb8c2ae6d70cbecc9/backend-api/src/modules/classSection/classSection.service.js","https://github.com/oanhntkce181400-poon/WDP391_SE1808_Group02_SSMS/blob/b32e45721da557ce9da70a8eb8c2ae6d70cbecc9/frontend-web/src/pages/student/SchedulePage.jsx | https://github.com/oanhntkce181400-poon/WDP391_SE1808_Group02_SSMS/blob/b32e45721da557ce9da70a8eb8c2ae6d70cbecc9/frontend-web/src/services/classService.js","https://github.com/oanhntkce181400-poon/WDP391_SE1808_Group02_SSMS/commit/b32e45721da557ce9da70a8eb8c2ae6d70cbecc9","Mo fetchClassRoster() trong SchedulePage; neu bi hoi API thi chi getClassRosterForStudent()."
123,Take Class Attendance,"https://github.com/oanhntkce181400-poon/WDP391_SE1808_Group02_SSMS/blob/b32e45721da557ce9da70a8eb8c2ae6d70cbecc9/backend-api/src/controllers/attendance.controller.js | https://github.com/oanhntkce181400-poon/WDP391_SE1808_Group02_SSMS/blob/b32e45721da557ce9da70a8eb8c2ae6d70cbecc9/backend-api/src/services/attendance.service.js","https://github.com/oanhntkce181400-poon/WDP391_SE1808_Group02_SSMS/blob/b32e45721da557ce9da70a8eb8c2ae6d70cbecc9/frontend-web/src/pages/admin/AttendancePage.jsx | https://github.com/oanhntkce181400-poon/WDP391_SE1808_Group02_SSMS/blob/b32e45721da557ce9da70a8eb8c2ae6d70cbecc9/frontend-web/src/services/attendanceService.js","https://github.com/oanhntkce181400-poon/WDP391_SE1808_Group02_SSMS/commit/b32e45721da557ce9da70a8eb8c2ae6d70cbecc9","Giao dien diem danh giang vien nam o AttendancePage; save xuong mark/bulkSave."
127,Assign Lecturers To Classes,"https://github.com/oanhntkce181400-poon/WDP391_SE1808_Group02_SSMS/blob/b32e45721da557ce9da70a8eb8c2ae6d70cbecc9/backend-api/src/modules/classSection/classSection.controller.js | https://github.com/oanhntkce181400-poon/WDP391_SE1808_Group02_SSMS/blob/b32e45721da557ce9da70a8eb8c2ae6d70cbecc9/backend-api/src/modules/classSection/classSection.service.js","https://github.com/oanhntkce181400-poon/WDP391_SE1808_Group02_SSMS/blob/b32e45721da557ce9da70a8eb8c2ae6d70cbecc9/frontend-web/src/pages/admin/ClassManagement.jsx | https://github.com/oanhntkce181400-poon/WDP391_SE1808_Group02_SSMS/blob/b32e45721da557ce9da70a8eb8c2ae6d70cbecc9/frontend-web/src/services/classService.js","https://github.com/oanhntkce181400-poon/WDP391_SE1808_Group02_SSMS/commit/b32e45721da557ce9da70a8eb8c2ae6d70cbecc9","Mo handleAssignLecturer() o ClassManagement; neu bi hoi sau thi mo assignLecturerToClass()."
138,View Weekly Timetable,"https://github.com/oanhntkce181400-poon/WDP391_SE1808_Group02_SSMS/blob/b32e45721da557ce9da70a8eb8c2ae6d70cbecc9/backend-api/src/controllers/schedule.controller.js | https://github.com/oanhntkce181400-poon/WDP391_SE1808_Group02_SSMS/blob/b32e45721da557ce9da70a8eb8c2ae6d70cbecc9/backend-api/src/services/schedule.service.js","https://github.com/oanhntkce181400-poon/WDP391_SE1808_Group02_SSMS/blob/b32e45721da557ce9da70a8eb8c2ae6d70cbecc9/mobile-app/src/screens/student/ScheduleScreen.js | https://github.com/oanhntkce181400-poon/WDP391_SE1808_Group02_SSMS/blob/b32e45721da557ce9da70a8eb8c2ae6d70cbecc9/mobile-app/src/services/scheduleService.js","https://github.com/oanhntkce181400-poon/WDP391_SE1808_Group02_SSMS/commit/b32e45721da557ce9da70a8eb8c2ae6d70cbecc9","Mobile timetable mo thang ScheduleScreen; chi loadSchedule() la du."
153,Create Email Templates,"https://github.com/oanhntkce181400-poon/WDP391_SE1808_Group02_SSMS/blob/6111ac71b00a43a7f0530d58eb327ec21d45012b/backend-api/src/controllers/emailTemplate.controller.js#L57-L59 | https://github.com/oanhntkce181400-poon/WDP391_SE1808_Group02_SSMS/blob/6111ac71b00a43a7f0530d58eb327ec21d45012b/backend-api/src/services/emailTemplate.service.js#L594-L615","https://github.com/oanhntkce181400-poon/WDP391_SE1808_Group02_SSMS/blob/6111ac71b00a43a7f0530d58eb327ec21d45012b/frontend-web/src/pages/admin/EmailTemplateManagementPage.jsx#L211-L238 | https://github.com/oanhntkce181400-poon/WDP391_SE1808_Group02_SSMS/blob/6111ac71b00a43a7f0530d58eb327ec21d45012b/frontend-web/src/services/emailTemplateService.js#L12-L14","https://github.com/oanhntkce181400-poon/WDP391_SE1808_Group02_SSMS/commit/6111ac71b00a43a7f0530d58eb327ec21d45012b","Mo handleSubmit() nhanh create o FE, roi xuong createTemplate() o service BE."
154,View Email Templates,"https://github.com/oanhntkce181400-poon/WDP391_SE1808_Group02_SSMS/blob/6111ac71b00a43a7f0530d58eb327ec21d45012b/backend-api/src/controllers/emailTemplate.controller.js#L26-L47 | https://github.com/oanhntkce181400-poon/WDP391_SE1808_Group02_SSMS/blob/6111ac71b00a43a7f0530d58eb327ec21d45012b/backend-api/src/services/emailTemplate.service.js#L540-L591","https://github.com/oanhntkce181400-poon/WDP391_SE1808_Group02_SSMS/blob/6111ac71b00a43a7f0530d58eb327ec21d45012b/frontend-web/src/pages/admin/EmailTemplateManagementPage.jsx#L144-L198 | https://github.com/oanhntkce181400-poon/WDP391_SE1808_Group02_SSMS/blob/6111ac71b00a43a7f0530d58eb327ec21d45012b/frontend-web/src/services/emailTemplateService.js#L4-L8","https://github.com/oanhntkce181400-poon/WDP391_SE1808_Group02_SSMS/commit/6111ac71b00a43a7f0530d58eb327ec21d45012b","Mo loadTemplates() va loadTemplateDetail() o FE; neu bi hoi sau thi mo listTemplates() va getTemplateById() o BE."
155,Update/Delete Email Templates,"https://github.com/oanhntkce181400-poon/WDP391_SE1808_Group02_SSMS/blob/6111ac71b00a43a7f0530d58eb327ec21d45012b/backend-api/src/controllers/emailTemplate.controller.js#L70-L89 | https://github.com/oanhntkce181400-poon/WDP391_SE1808_Group02_SSMS/blob/6111ac71b00a43a7f0530d58eb327ec21d45012b/backend-api/src/services/emailTemplate.service.js#L618-L659","https://github.com/oanhntkce181400-poon/WDP391_SE1808_Group02_SSMS/blob/6111ac71b00a43a7f0530d58eb327ec21d45012b/frontend-web/src/pages/admin/EmailTemplateManagementPage.jsx#L211-L257 | https://github.com/oanhntkce181400-poon/WDP391_SE1808_Group02_SSMS/blob/6111ac71b00a43a7f0530d58eb327ec21d45012b/frontend-web/src/services/emailTemplateService.js#L16-L20","https://github.com/oanhntkce181400-poon/WDP391_SE1808_Group02_SSMS/commit/6111ac71b00a43a7f0530d58eb327ec21d45012b","Update dung handleSubmit() nhanh update; delete dung handleDelete(); BE la updateTemplate() va deleteTemplate()."
157,Submit Lecturer Evaluation,"https://github.com/oanhntkce181400-poon/WDP391_SE1808_Group02_SSMS/blob/6111ac71b00a43a7f0530d58eb327ec21d45012b/backend-api/src/controllers/feedback.controller.js#L12-L40 | https://github.com/oanhntkce181400-poon/WDP391_SE1808_Group02_SSMS/blob/6111ac71b00a43a7f0530d58eb327ec21d45012b/backend-api/src/services/feedback.service.js#L59-L120 | https://github.com/oanhntkce181400-poon/WDP391_SE1808_Group02_SSMS/blob/6111ac71b00a43a7f0530d58eb327ec21d45012b/backend-api/src/services/feedback.service.js#L469-L487","https://github.com/oanhntkce181400-poon/WDP391_SE1808_Group02_SSMS/blob/6111ac71b00a43a7f0530d58eb327ec21d45012b/frontend-web/src/components/features/LecturerFeedbackPortal.jsx#L134-L313 | https://github.com/oanhntkce181400-poon/WDP391_SE1808_Group02_SSMS/blob/6111ac71b00a43a7f0530d58eb327ec21d45012b/frontend-web/src/services/feedbackService.js#L45-L69 | https://github.com/oanhntkce181400-poon/WDP391_SE1808_Group02_SSMS/blob/6111ac71b00a43a7f0530d58eb327ec21d45012b/frontend-web/src/pages/student/StudentFeedbackPage.jsx#L1-L3","https://github.com/oanhntkce181400-poon/WDP391_SE1808_Group02_SSMS/commit/6111ac71b00a43a7f0530d58eb327ec21d45012b","Mo LecturerFeedbackPortal truoc; chi loadBaseData(), loadClassDetails(), handleSubmit(); xuong BE la submitFeedback()/createFeedback()."
